Workbook

Sheet คำแนะนำ
B2: แบบฟอร์มบันทึกผลการดำเนินงานแผนงาน Compliance ประจำปี 2569
B4: วิธีใช้งานสำหรับผู้ปฏิบัติงาน
B5: 1) ไปที่แท็บ "บันทึกผล" — มีแผนเดียว แบ่งเป็น 5 ขั้นตอน (แถบสีฟ้าคั่นแต่ละขั้น)
B6: 2) บันทึกเฉพาะ "ช่องสีเหลือง" (ผลจริงรายเดือน ม.ค.69–มี.ค.70) เป็นค่าร้อยละสะสม 0–100
B7: 3) คอลัมน์ "เริ่มตามแผน / สิ้นสุดตามแผน" (สีเทา) = ช่วงเวลาตามแผน ระบบใช้คำนวณ % เป้าหมาย
B8: โดยถัวเฉลี่ยถ่วงน้ำหนัก (กระจายเท่ากันทุกเดือน) ตั้งแต่เดือนเริ่ม จนถึงเดือนสิ้นสุด = 100%
B9: 4) ห้ามแก้คอลัมน์สีเทา (น้ำหนัก / เริ่ม-สิ้นสุดตามแผน) ซึ่งกำหนดตามแผนที่อนุมัติแล้ว
B10: 5) กรอกปัญหา/อุปสรรค (ใช้ภายใน ไม่เผยแพร่) และ "สิ่งที่ดำเนินการ" รายเดือน (แสดงบน Dashboard)
B11: 6) บันทึกไฟล์ แล้วรัน build_data.py (หรือดับเบิลคลิก อัปเดตข้อมูล.command) เพื่อสร้าง data.json
B13: หมายเหตุ: ห้ามเปลี่ยนชื่อชีต "บันทึกผล" และห้ามแก้หัวตาราง

Sheet บันทึกผล
A1: แบบฟอร์มบันทึกผลการดำเนินงานแผนงาน Compliance ประจำปี 2569
A2: ตัวชี้วัด: การกำกับดูแลการปฏิบัติตามกฎ ระเบียบของ กฟน. เป็นไปตามแผนที่กำหนด | ผู้รับผิดชอบหลัก: ฝ่ายบริหารความเสี่ยงองค์กร (ฝบส.)
A4: ลำดับ | B4: กิจกรรม | C4: หน่วยงาน | D4: น้ำหนัก | E4: เริ่มตามแผน | F4: สิ้นสุดตามแผน | G4: ม.ค.69 | H4: ก.พ.69 | I4: มี.ค.69 | J4: เม.ย.69 | K4: พ.ค.69 | L4: มิ.ย.69 | M4: ก.ค.69 | N4: ส.ค.69 | O4: ก.ย.69 | P4: ต.ค.69 | Q4: พ.ย.69 | R4: ธ.ค.69 | S4: ม.ค.70 | T4: ก.พ.70 | U4: มี.ค.70 | V4: ปัญหา/อุปสรรค (ใช้ภายใน) | W4: สิ่งที่ดำเนินการ ม.ค.69 | X4: สิ่งที่ดำเนินการ ก.พ.69 | Y4: สิ่งที่ดำเนินการ มี.ค.69 | Z4: สิ่งที่ดำเนินการ เม.ย.69 | AA4: สิ่งที่ดำเนินการ พ.ค.69 | AB4: สิ่งที่ดำเนินการ มิ.ย.69 | AC4: สิ่งที่ดำเนินการ ก.ค.69 | AD4: สิ่งที่ดำเนินการ ส.ค.69 | AE4: สิ่งที่ดำเนินการ ก.ย.69 | AF4: สิ่งที่ดำเนินการ ต.ค.69 | AG4: สิ่งที่ดำเนินการ พ.ย.69 | AH4: สิ่งที่ดำเนินการ ธ.ค.69 | AI4: สิ่งที่ดำเนินการ ม.ค.70 | AJ4: สิ่งที่ดำเนินการ ก.พ.70 | AK4: สิ่งที่ดำเนินการ มี.ค.70
A5: กิจกรรมที่ 1 · ทบทวนและปรับปรุงทะเบียนกฎหมาย กฎ ระเบียบที่สำคัญที่เกี่ยวข้องกับการดำเนินงาน
A6: 1.1 | B6: รวบรวม ศึกษา วิเคราะห์กฎหมาย กฎ ระเบียบที่สำคัญที่เกี่ยวข้องกับการดำเนินงาน | C6: ทุกหน่วยงาน | D6: 34 | E6: ม.ค.69 | F6: ม.ค.70 | G6: 8 | H6: 15 | I6: 23 | J6: 31 | K6: 38 | L6: 46 | M6: 54 | N6: 62 | O6: 69 | P6: 77
A7: 1.2 | B7: ปรับปรุงทะเบียนกฎหมาย กฎ ระเบียบที่สำคัญที่เกี่ยวข้องกับการดำเนินงาน (Compliance Universe) | C7: ทุกหน่วยงาน | D7: 33 | E7: ม.ค.69 | F7: ธ.ค.69 | G7: 8 | H7: 17 | I7: 25 | J7: 33 | K7: 42 | L7: 50 | M7: 58 | N7: 67 | O7: 75 | P7: 83
A8: 1.3 | B8: ปรับปรุงระเบียบ ข้อบังคับ คำสั่ง นโยบาย มาตรฐานการปฏิบัติงานให้สอดคล้องกับกฎหมาย กฎ ระเบียบที่เกี่ยวข้องที่ปรับปรุงหรือเป็นเรื่องใหม่ | C8: ฝกม. / ทุกหน่วยงาน | D8: 33 | E8: ม.ค.69 | F8: ธ.ค.69 | G8: 8 | H8: 17 | I8: 25 | J8: 33 | K8: 42 | L8: 50 | M8: 58 | N8: 67 | O8: 75 | P8: 83
A9: กิจกรรมที่ 2 · ระบุและประเมินปัจจัยความเสี่ยงที่อาจมีผลกระทบต่อองค์กรที่ทำให้ไม่สามารถปฏิบัติตามกฎ ระเบียบ และพิจารณากำหนด/ปรับปรุงการควบคุม
A10: 2.1 | B10: วิเคราะห์สาเหตุและผลกระทบ และประเมินความเสี่ยงจากการไม่สามารถปฏิบัติตามกฎ ระเบียบ | C10: ฝบส. / หน่วยงานที่เกี่ยวข้อง | D10: 34 | E10: ม.ค.69 | F10: ธ.ค.69 | G10: 8 | H10: 17 | I10: 25 | J10: 33 | K10: 42 | L10: 50 | M10: 58 | N10: 67 | O10: 75 | P10: 83
A11: 2.2 | B11: สรุปรายการ Compliance Risk ที่สำคัญที่ต้องกำหนด/ปรับปรุงการควบคุม | C11: ฝบส. | D11: 33 | E11: ม.ค.69 | F11: มิ.ย.69 | G11: 17 | H11: 33 | I11: 50 | J11: 67 | K11: 83 | L11: 100 | M11: 100 | N11: 100 | O11: 100 | P11: 100
A12: 2.3 | B12: จัดวาง/ทบทวนระบบการควบคุมภายในของกระบวนงานพื้นฐานและกระบวนงานตามภารกิจของทุกหน่วยงาน | C12: ฝบส. / หน่วยงานที่เกี่ยวข้อง | D12: 33 | E12: ม.ค.69 | F12: ธ.ค.69 | G12: 8 | H12: 17 | I12: 25 | J12: 33 | K12: 42 | L12: 50 | M12: 58 | N12: 67 | O12: 75 | P12: 83
A13: กิจกรรมที่ 3 · สื่อสารความรู้ สร้างความตระหนัก และพัฒนาบุคลากร
A14: 3.1 | B14: สื่อสาร อบรม เพื่อสร้างความรู้ความเข้าใจและความตระหนักเกี่ยวกับนโยบาย กรอบและแนวทางการปฏิบัติตามกฎ ระเบียบ | C14: ฝบส. / ฝสอ. | D14: 34 | E14: ม.ค.69 | F14: ม.ค.70 | G14: 8 | H14: 15 | I14: 23 | J14: 31 | K14: 38 | L14: 46 | M14: 54 | N14: 62 | O14: 69 | P14: 77
A15: 3.2 | B15: สื่อสาร อบรม เกี่ยวกับกฎหมาย กฎ ระเบียบที่เกี่ยวข้องที่ปรับปรุงหรือเป็นเรื่องใหม่ | C15: ฝบส. / ฝสอ. | D15: 33 | E15: ม.ค.69 | F15: ม.ค.70 | G15: 8 | H15: 15 | I15: 23 | J15: 31 | K15: 38 | L15: 46 | M15: 54 | N15: 62 | O15: 69 | P15: 77
A16: 3.3 | B16: ประสานงาน ให้คำปรึกษาแนะนำหน่วยงาน เพื่อทบทวนการดำเนินงานให้สอดคล้องกับกฎหมาย กฎ ระเบียบที่เกี่ยวข้องที่ปรับปรุงหรือเป็นเรื่องใหม่ | C16: ฝบส. / ฝกม. | D16: 33 | E16: ม.ค.69 | F16: ม.ค.70 | G16: 8 | H16: 15 | I16: 23 | J16: 31 | K16: 38 | L16: 46 | M16: 54 | N16: 62 | O16: 69 | P16: 77
A17: กิจกรรมที่ 4 · สอบทานและประเมินการปฏิบัติตามกฎ ระเบียบ
A18: 4.1 | B18: สอบทานการปฏิบัติตามกฎระเบียบด้วยตนเองในทุกกระบวนงานที่ได้จัดวางระบบการควบคุมภายในไว้ | C18: ทุกหน่วยงาน | D18: 25 | E18: พ.ค.69 | F18: ต.ค.69 | G18: 0 | H18: 0 | I18: 0 | J18: 0 | K18: 17 | L18: 33 | M18: 50 | N18: 67 | O18: 83 | P18: 100
A19: 4.2 | B19: สอบทานการปฏิบัติตามกฎระเบียบในกระบวนการปฏิบัติงานที่มีความเสี่ยงที่อาจทำให้ไม่สามารถปฏิบัติตามกฎ ระเบียบ และสรุปรายงานผลการสอบทานฯ | C19: ฝบส. / หน่วยงานที่เกี่ยวข้อง | D19: 25 | E19: มิ.ย.69 | F19: ธ.ค.69 | G19: 0 | H19: 0 | I19: 0 | J19: 0 | K19: 0 | L19: 14 | M19: 29 | N19: 43 | O19: 57 | P19: 71
A20: 4.3 | B20: ประเมินการปฏิบัติตามกฎระเบียบด้วยตนเอง (Compliance Self-Assessment) | C20: ทุกสายงาน / ทุกหน่วยงาน | D20: 25 | E20: มิ.ย.69 | F20: ธ.ค.69 | G20: 0 | H20: 0 | I20: 0 | J20: 0 | K20: 0 | L20: 14 | M20: 29 | N20: 43 | O20: 57 | P20: 71
A21: 4.4 | B21: นำผลประเมินมาปรับปรุงการปฏิบัติงานเพื่อให้เป็นไปตามกฎหมาย กฎ ระเบียบ | C21: ฝบส. / หน่วยงานที่เกี่ยวข้อง | D21: 25 | E21: ต.ค.69 | F21: มี.ค.70 | G21: 0 | H21: 0 | I21: 0 | J21: 0 | K21: 0 | L21: 0 | M21: 0 | N21: 0 | O21: 0 | P21: 17
A22: กิจกรรมที่ 5 · ทบทวนและนำเสนอผลการทบทวนนโยบาย แนวทางการปฏิบัติ และแผนงานประจำปี ต่อคณะกรรมการที่เกี่ยวข้อง
A23: 5.1 | B23: ทบทวน/ปรับปรุงนโยบาย กรอบแนวทางการกำกับดูแล และแนวทางการปฏิบัติตามกฎ ระเบียบ ของ กฟน. (Compliance Policy, Framework and Guidance) รวมทั้งแผนการกำกับดูแลฯ เสนอต่อคณะกรรมการที่เกี่ยวข้อง | C23: ฝบส. | D23: 50 | E23: ก.ค.69 | F23: ธ.ค.69 | G23: 0 | H23: 0 | I23: 0 | J23: 0 | K23: 0 | L23: 0 | M23: 17 | N23: 33 | O23: 50 | P23: 67
A24: 5.2 | B24: จัดทำและรายงานการปฏิบัติตามกฎระเบียบ ประจำปี | C24: ฝบส. | D24: 50 | E24: ธ.ค.69 | F24: มี.ค.70 | G24: 0 | H24: 0 | I24: 0 | J24: 0 | K24: 0 | L24: 0 | M24: 0 | N24: 0 | O24: 0 | P24: 0

Sheet สรุปการคำนวณ
A1: เดือนที่ประเมิน : | C1: ต.ค.69
A2: ตำแหน่งเดือน (คำนวณ) : | C2: =MATCH(C1,บันทึกผล!$G$4:$U$4,0) -> 10
A4: ขั้น | B4: รหัส | C4: กิจกรรม | D4: น้ำหนัก | E4: เริ่มตามแผน | F4: สิ้นสุดตามแผน | G4: จำนวนเดือน | H4: เป้าหมายสะสม % | I4: ผลจริงสะสม % | J4: ผลต่าง | K4: สถานะ
A5: =LEFT(บันทึกผล!A6,FIND(".",บันทึกผล!A6)-1) -> 1 | B5: =บันทึกผล!A6 -> 1.1 | C5: =บันทึกผล!B6 -> รวบรวม ศึกษา วิเคราะห์กฎหมาย กฎ ระเบียบที่สำคัญที่เกี่ยวข้องกับการดำเนินงาน | D5: =บันทึกผล!D6 -> 34 | E5: =บันทึกผล!E6 -> ม.ค.69 | F5: =บันทึกผล!F6 -> ม.ค.70 | G5: =N5-M5+1 -> 13 | H5: =IF($C$2<M5,0,IF($C$2>=N5,100,ROUND(($C$2-M5+1)/(N5-M5+1)*100,0))) -> 77 | I5: =IFERROR(LOOKUP(9.99E+307,บันทึกผล!$G6:INDEX(บันทึกผล!$G6:$U6,$C$2)),0) -> 77 | J5: =I5-H5 -> 0 | K5: =IF(H5=0,"รอกำหนด",IF(I5>=H5,"ตามแผน",IF(H5-I5<=15,"ใกล้เป้า","ต่ำกว่าเป้า"))) -> ตามแผน | M5: =MATCH(E5,บันทึกผล!$G$4:$U$4,0) -> 1 | N5: =MATCH(F5,บันทึกผล!$G$4:$U$4,0) -> 13
A6: =LEFT(บันทึกผล!A7,FIND(".",บันทึกผล!A7)-1) -> 1 | B6: =บันทึกผล!A7 -> 1.2 | C6: =บันทึกผล!B7 -> ปรับปรุงทะเบียนกฎหมาย กฎ ระเบียบที่สำคัญที่เกี่ยวข้องกับการดำเนินงาน (Compliance Universe) | D6: =บันทึกผล!D7 -> 33 | E6: =บันทึกผล!E7 -> ม.ค.69 | F6: =บันทึกผล!F7 -> ธ.ค.69 | G6: =N6-M6+1 -> 12 | H6: =IF($C$2<M6,0,IF($C$2>=N6,100,ROUND(($C$2-M6+1)/(N6-M6+1)*100,0))) -> 83 | I6: =IFERROR(LOOKUP(9.99E+307,บันทึกผล!$G7:INDEX(บันทึกผล!$G7:$U7,$C$2)),0) -> 83 | J6: =I6-H6 -> 0 | K6: =IF(H6=0,"รอกำหนด",IF(I6>=H6,"ตามแผน",IF(H6-I6<=15,"ใกล้เป้า","ต่ำกว่าเป้า"))) -> ตามแผน | M6: =MATCH(E6,บันทึกผล!$G$4:$U$4,0) -> 1 | N6: =MATCH(F6,บันทึกผล!$G$4:$U$4,0) -> 12
A7: =LEFT(บันทึกผล!A8,FIND(".",บันทึกผล!A8)-1) -> 1 | B7: =บันทึกผล!A8 -> 1.3 | C7: =บันทึกผล!B8 -> ปรับปรุงระเบียบ ข้อบังคับ คำสั่ง นโยบาย มาตรฐานการปฏิบัติงานให้สอดคล้องกับกฎหมาย กฎ ระเบียบที่เกี่ยวข้องที่ปรับปรุงหรือเป็นเรื่องใหม่ | D7: =บันทึกผล!D8 -> 33 | E7: =บันทึกผล!E8 -> ม.ค.69 | F7: =บันทึกผล!F8 -> ธ.ค.69 | G7: =N7-M7+1 -> 12 | H7: =IF($C$2<M7,0,IF($C$2>=N7,100,ROUND(($C$2-M7+1)/(N7-M7+1)*100,0))) -> 83 | I7: =IFERROR(LOOKUP(9.99E+307,บันทึกผล!$G8:INDEX(บันทึกผล!$G8:$U8,$C$2)),0) -> 83 | J7: =I7-H7 -> 0 | K7: =IF(H7=0,"รอกำหนด",IF(I7>=H7,"ตามแผน",IF(H7-I7<=15,"ใกล้เป้า","ต่ำกว่าเป้า"))) -> ตามแผน | M7: =MATCH(E7,บันทึกผล!$G$4:$U$4,0) -> 1 | N7: =MATCH(F7,บันทึกผล!$G$4:$U$4,0) -> 12
A8: =LEFT(บันทึกผล!A10,FIND(".",บันทึกผล!A10)-1) -> 2 | B8: =บันทึกผล!A10 -> 2.1 | C8: =บันทึกผล!B10 -> วิเคราะห์สาเหตุและผลกระทบ และประเมินความเสี่ยงจากการไม่สามารถปฏิบัติตามกฎ ระเบียบ | D8: =บันทึกผล!D10 -> 34 | E8: =บันทึกผล!E10 -> ม.ค.69 | F8: =บันทึกผล!F10 -> ธ.ค.69 | G8: =N8-M8+1 -> 12 | H8: =IF($C$2<M8,0,IF($C$2>=N8,100,ROUND(($C$2-M8+1)/(N8-M8+1)*100,0))) -> 83 | I8: =IFERROR(LOOKUP(9.99E+307,บันทึกผล!$G10:INDEX(บันทึกผล!$G10:$U10,$C$2)),0) -> 83 | J8: =I8-H8 -> 0 | K8: =IF(H8=0,"รอกำหนด",IF(I8>=H8,"ตามแผน",IF(H8-I8<=15,"ใกล้เป้า","ต่ำกว่าเป้า"))) -> ตามแผน | M8: =MATCH(E8,บันทึกผล!$G$4:$U$4,0) -> 1 | N8: =MATCH(F8,บันทึกผล!$G$4:$U$4,0) -> 12
A9: =LEFT(บันทึกผล!A11,FIND(".",บันทึกผล!A11)-1) -> 2 | B9: =บันทึกผล!A11 -> 2.2 | C9: =บันทึกผล!B11 -> สรุปรายการ Compliance Risk ที่สำคัญที่ต้องกำหนด/ปรับปรุงการควบคุม | D9: =บันทึกผล!D11 -> 33 | E9: =บันทึกผล!E11 -> ม.ค.69 | F9: =บันทึกผล!F11 -> มิ.ย.69 | G9: =N9-M9+1 -> 6 | H9: =IF($C$2<M9,0,IF($C$2>=N9,100,ROUND(($C$2-M9+1)/(N9-M9+1)*100,0))) -> 100 | I9: =IFERROR(LOOKUP(9.99E+307,บันทึกผล!$G11:INDEX(บันทึกผล!$G11:$U11,$C$2)),0) -> 100 | J9: =I9-H9 -> 0 | K9: =IF(H9=0,"รอกำหนด",IF(I9>=H9,"ตามแผน",IF(H9-I9<=15,"ใกล้เป้า","ต่ำกว่าเป้า"))) -> ตามแผน | M9: =MATCH(E9,บันทึกผล!$G$4:$U$4,0) -> 1 | N9: =MATCH(F9,บันทึกผล!$G$4:$U$4,0) -> 6
A10: =LEFT(บันทึกผล!A12,FIND(".",บันทึกผล!A12)-1) -> 2 | B10: =บันทึกผล!A12 -> 2.3 | C10: =บันทึกผล!B12 -> จัดวาง/ทบทวนระบบการควบคุมภายในของกระบวนงานพื้นฐานและกระบวนงานตามภารกิจของทุกหน่วยงาน | D10: =บันทึกผล!D12 -> 33 | E10: =บันทึกผล!E12 -> ม.ค.69 | F10: =บันทึกผล!F12 -> ธ.ค.69 | G10: =N10-M10+1 -> 12 | H10: =IF($C$2<M10,0,IF($C$2>=N10,100,ROUND(($C$2-M10+1)/(N10-M10+1)*100,0))) -> 83 | I10: =IFERROR(LOOKUP(9.99E+307,บันทึกผล!$G12:INDEX(บันทึกผล!$G12:$U12,$C$2)),0) -> 83 | J10: =I10-H10 -> 0 | K10: =IF(H10=0,"รอกำหนด",IF(I10>=H10,"ตามแผน",IF(H10-I10<=15,"ใกล้เป้า","ต่ำกว่าเป้า"))) -> ตามแผน | M10: =MATCH(E10,บันทึกผล!$G$4:$U$4,0) -> 1 | N10: =MATCH(F10,บันทึกผล!$G$4:$U$4,0) -> 12
A11: =LEFT(บันทึกผล!A14,FIND(".",บันทึกผล!A14)-1) -> 3 | B11: =บันทึกผล!A14 -> 3.1 | C11: =บันทึกผล!B14 -> สื่อสาร อบรม เพื่อสร้างความรู้ความเข้าใจและความตระหนักเกี่ยวกับนโยบาย กรอบและแนวทางการปฏิบัติตามกฎ ระเบียบ | D11: =บันทึกผล!D14 -> 34 | E11: =บันทึกผล!E14 -> ม.ค.69 | F11: =บันทึกผล!F14 -> ม.ค.70 | G11: =N11-M11+1 -> 13 | H11: =IF($C$2<M11,0,IF($C$2>=N11,100,ROUND(($C$2-M11+1)/(N11-M11+1)*100,0))) -> 77 | I11: =IFERROR(LOOKUP(9.99E+307,บันทึกผล!$G14:INDEX(บันทึกผล!$G14:$U14,$C$2)),0) -> 77 | J11: =I11-H11 -> 0 | K11: =IF(H11=0,"รอกำหนด",IF(I11>=H11,"ตามแผน",IF(H11-I11<=15,"ใกล้เป้า","ต่ำกว่าเป้า"))) -> ตามแผน | M11: =MATCH(E11,บันทึกผล!$G$4:$U$4,0) -> 1 | N11: =MATCH(F11,บันทึกผล!$G$4:$U$4,0) -> 13
A12: =LEFT(บันทึกผล!A15,FIND(".",บันทึกผล!A15)-1) -> 3 | B12: =บันทึกผล!A15 -> 3.2 | C12: =บันทึกผล!B15 -> สื่อสาร อบรม เกี่ยวกับกฎหมาย กฎ ระเบียบที่เกี่ยวข้องที่ปรับปรุงหรือเป็นเรื่องใหม่ | D12: =บันทึกผล!D15 -> 33 | E12: =บันทึกผล!E15 -> ม.ค.69 | F12: =บันทึกผล!F15 -> ม.ค.70 | G12: =N12-M12+1 -> 13 | H12: =IF($C$2<M12,0,IF($C$2>=N12,100,ROUND(($C$2-M12+1)/(N12-M12+1)*100,0))) -> 77 | I12: =IFERROR(LOOKUP(9.99E+307,บันทึกผล!$G15:INDEX(บันทึกผล!$G15:$U15,$C$2)),0) -> 77 | J12: =I12-H12 -> 0 | K12: =IF(H12=0,"รอกำหนด",IF(I12>=H12,"ตามแผน",IF(H12-I12<=15,"ใกล้เป้า","ต่ำกว่าเป้า"))) -> ตามแผน | M12: =MATCH(E12,บันทึกผล!$G$4:$U$4,0) -> 1 | N12: =MATCH(F12,บันทึกผล!$G$4:$U$4,0) -> 13
A13: =LEFT(บันทึกผล!A16,FIND(".",บันทึกผล!A16)-1) -> 3 | B13: =บันทึกผล!A16 -> 3.3 | C13: =บันทึกผล!B16 -> ประสานงาน ให้คำปรึกษาแนะนำหน่วยงาน เพื่อทบทวนการดำเนินงานให้สอดคล้องกับกฎหมาย กฎ ระเบียบที่เกี่ยวข้องที่ปรับปรุงหรือเป็นเรื่องใหม่ | D13: =บันทึกผล!D16 -> 33 | E13: =บันทึกผล!E16 -> ม.ค.69 | F13: =บันทึกผล!F16 -> ม.ค.70 | G13: =N13-M13+1 -> 13 | H13: =IF($C$2<M13,0,IF($C$2>=N13,100,ROUND(($C$2-M13+1)/(N13-M13+1)*100,0))) -> 77 | I13: =IFERROR(LOOKUP(9.99E+307,บันทึกผล!$G16:INDEX(บันทึกผล!$G16:$U16,$C$2)),0) -> 77 | J13: =I13-H13 -> 0 | K13: =IF(H13=0,"รอกำหนด",IF(I13>=H13,"ตามแผน",IF(H13-I13<=15,"ใกล้เป้า","ต่ำกว่าเป้า"))) -> ตามแผน | M13: =MATCH(E13,บันทึกผล!$G$4:$U$4,0) -> 1 | N13: =MATCH(F13,บันทึกผล!$G$4:$U$4,0) -> 13
A14: =LEFT(บันทึกผล!A18,FIND(".",บันทึกผล!A18)-1) -> 4 | B14: =บันทึกผล!A18 -> 4.1 | C14: =บันทึกผล!B18 -> สอบทานการปฏิบัติตามกฎระเบียบด้วยตนเองในทุกกระบวนงานที่ได้จัดวางระบบการควบคุมภายในไว้ | D14: =บันทึกผล!D18 -> 25 | E14: =บันทึกผล!E18 -> พ.ค.69 | F14: =บันทึกผล!F18 -> ต.ค.69 | G14: =N14-M14+1 -> 6 | H14: =IF($C$2<M14,0,IF($C$2>=N14,100,ROUND(($C$2-M14+1)/(N14-M14+1)*100,0))) -> 100 | I14: =IFERROR(LOOKUP(9.99E+307,บันทึกผล!$G18:INDEX(บันทึกผล!$G18:$U18,$C$2)),0) -> 100 | J14: =I14-H14 -> 0 | K14: =IF(H14=0,"รอกำหนด",IF(I14>=H14,"ตามแผน",IF(H14-I14<=15,"ใกล้เป้า","ต่ำกว่าเป้า"))) -> ตามแผน | M14: =MATCH(E14,บันทึกผล!$G$4:$U$4,0) -> 5 | N14: =MATCH(F14,บันทึกผล!$G$4:$U$4,0) -> 10
A15: =LEFT(บันทึกผล!A19,FIND(".",บันทึกผล!A19)-1) -> 4 | B15: =บันทึกผล!A19 -> 4.2 | C15: =บันทึกผล!B19 -> สอบทานการปฏิบัติตามกฎระเบียบในกระบวนการปฏิบัติงานที่มีความเสี่ยงที่อาจทำให้ไม่สามารถปฏิบัติตามกฎ ระเบียบ และสรุปรายงานผลการสอบทานฯ | D15: =บันทึกผล!D19 -> 25 | E15: =บันทึกผล!E19 -> มิ.ย.69 | F15: =บันทึกผล!F19 -> ธ.ค.69 | G15: =N15-M15+1 -> 7 | H15: =IF($C$2<M15,0,IF($C$2>=N15,100,ROUND(($C$2-M15+1)/(N15-M15+1)*100,0))) -> 71 | I15: =IFERROR(LOOKUP(9.99E+307,บันทึกผล!$G19:INDEX(บันทึกผล!$G19:$U19,$C$2)),0) -> 71 | J15: =I15-H15 -> 0 | K15: =IF(H15=0,"รอกำหนด",IF(I15>=H15,"ตามแผน",IF(H15-I15<=15,"ใกล้เป้า","ต่ำกว่าเป้า"))) -> ตามแผน | M15: =MATCH(E15,บันทึกผล!$G$4:$U$4,0) -> 6 | N15: =MATCH(F15,บันทึกผล!$G$4:$U$4,0) -> 12
A16: =LEFT(บันทึกผล!A20,FIND(".",บันทึกผล!A20)-1) -> 4 | B16: =บันทึกผล!A20 -> 4.3 | C16: =บันทึกผล!B20 -> ประเมินการปฏิบัติตามกฎระเบียบด้วยตนเอง (Compliance Self-Assessment) | D16: =บันทึกผล!D20 -> 25 | E16: =บันทึกผล!E20 -> มิ.ย.69 | F16: =บันทึกผล!F20 -> ธ.ค.69 | G16: =N16-M16+1 -> 7 | H16: =IF($C$2<M16,0,IF($C$2>=N16,100,ROUND(($C$2-M16+1)/(N16-M16+1)*100,0))) -> 71 | I16: =IFERROR(LOOKUP(9.99E+307,บันทึกผล!$G20:INDEX(บันทึกผล!$G20:$U20,$C$2)),0) -> 71 | J16: =I16-H16 -> 0 | K16: =IF(H16=0,"รอกำหนด",IF(I16>=H16,"ตามแผน",IF(H16-I16<=15,"ใกล้เป้า","ต่ำกว่าเป้า"))) -> ตามแผน | M16: =MATCH(E16,บันทึกผล!$G$4:$U$4,0) -> 6 | N16: =MATCH(F16,บันทึกผล!$G$4:$U$4,0) -> 12
A17: =LEFT(บันทึกผล!A21,FIND(".",บันทึกผล!A21)-1) -> 4 | B17: =บันทึกผล!A21 -> 4.4 | C17: =บันทึกผล!B21 -> นำผลประเมินมาปรับปรุงการปฏิบัติงานเพื่อให้เป็นไปตามกฎหมาย กฎ ระเบียบ | D17: =บันทึกผล!D21 -> 25 | E17: =บันทึกผล!E21 -> ต.ค.69 | F17: =บันทึกผล!F21 -> มี.ค.70 | G17: =N17-M17+1 -> 6 | H17: =IF($C$2<M17,0,IF($C$2>=N17,100,ROUND(($C$2-M17+1)/(N17-M17+1)*100,0))) -> 17 | I17: =IFERROR(LOOKUP(9.99E+307,บันทึกผล!$G21:INDEX(บันทึกผล!$G21:$U21,$C$2)),0) -> 17 | J17: =I17-H17 -> 0 | K17: =IF(H17=0,"รอกำหนด",IF(I17>=H17,"ตามแผน",IF(H17-I17<=15,"ใกล้เป้า","ต่ำกว่าเป้า"))) -> ตามแผน | M17: =MATCH(E17,บันทึกผล!$G$4:$U$4,0) -> 10 | N17: =MATCH(F17,บันทึกผล!$G$4:$U$4,0) -> 15
A18: =LEFT(บันทึกผล!A23,FIND(".",บันทึกผล!A23)-1) -> 5 | B18: =บันทึกผล!A23 -> 5.1 | C18: =บันทึกผล!B23 -> ทบทวน/ปรับปรุงนโยบาย กรอบแนวทางการกำกับดูแล และแนวทางการปฏิบัติตามกฎ ระเบียบ ของ กฟน. (Compliance Policy, Framework and Guidance) รวมทั้งแผนการกำกับดูแลฯ เสนอต่อคณะกรรมการที่เกี่ยวข้อง | D18: =บันทึกผล!D23 -> 50 | E18: =บันทึกผล!E23 -> ก.ค.69 | F18: =บันทึกผล!F23 -> ธ.ค.69 | G18: =N18-M18+1 -> 6 | H18: =IF($C$2<M18,0,IF($C$2>=N18,100,ROUND(($C$2-M18+1)/(N18-M18+1)*100,0))) -> 67 | I18: =IFERROR(LOOKUP(9.99E+307,บันทึกผล!$G23:INDEX(บันทึกผล!$G23:$U23,$C$2)),0) -> 67 | J18: =I18-H18 -> 0 | K18: =IF(H18=0,"รอกำหนด",IF(I18>=H18,"ตามแผน",IF(H18-I18<=15,"ใกล้เป้า","ต่ำกว่าเป้า"))) -> ตามแผน | M18: =MATCH(E18,บันทึกผล!$G$4:$U$4,0) -> 7 | N18: =MATCH(F18,บันทึกผล!$G$4:$U$4,0) -> 12
A19: =LEFT(บันทึกผล!A24,FIND(".",บันทึกผล!A24)-1) -> 5 | B19: =บันทึกผล!A24 -> 5.2 | C19: =บันทึกผล!B24 -> จัดทำและรายงานการปฏิบัติตามกฎระเบียบ ประจำปี | D19: =บันทึกผล!D24 -> 50 | E19: =บันทึกผล!E24 -> ธ.ค.69 | F19: =บันทึกผล!F24 -> มี.ค.70 | G19: =N19-M19+1 -> 4 | H19: =IF($C$2<M19,0,IF($C$2>=N19,100,ROUND(($C$2-M19+1)/(N19-M19+1)*100,0))) -> 0 | I19: =IFERROR(LOOKUP(9.99E+307,บันทึกผล!$G24:INDEX(บันทึกผล!$G24:$U24,$C$2)),0) -> 0 | J19: =I19-H19 -> 0 | K19: =IF(H19=0,"รอกำหนด",IF(I19>=H19,"ตามแผน",IF(H19-I19<=15,"ใกล้เป้า","ต่ำกว่าเป้า"))) -> รอกำหนด | M19: =MATCH(E19,บันทึกผล!$G$4:$U$4,0) -> 12 | N19: =MATCH(F19,บันทึกผล!$G$4:$U$4,0) -> 15
A21: สรุปรายขั้น (ถ่วงน้ำหนัก)
A22: กิจกรรมที่ | B22: เป้าหมายสะสม % | C22: ผลจริงสะสม % | D22: ผลต่าง | E22: สถานะ
A23: 1 | B23: =ROUND(SUMPRODUCT(($A$5:$A$19="1")*$D$5:$D$19*$H$5:$H$19)/SUMPRODUCT(($A$5:$A$19="1")*$D$5:$D$19),0) -> 81 | C23: =ROUND(SUMPRODUCT(($A$5:$A$19="1")*$D$5:$D$19*$I$5:$I$19)/SUMPRODUCT(($A$5:$A$19="1")*$D$5:$D$19),0) -> 81 | D23: =C23-B23 -> 0 | E23: =IF(B23=0,"รอกำหนด",IF(C23>=B23,"ตามแผน",IF(B23-C23<=15,"ใกล้เป้า","ต่ำกว่าเป้า"))) -> ตามแผน
A24: 2 | B24: =ROUND(SUMPRODUCT(($A$5:$A$19="2")*$D$5:$D$19*$H$5:$H$19)/SUMPRODUCT(($A$5:$A$19="2")*$D$5:$D$19),0) -> 89 | C24: =ROUND(SUMPRODUCT(($A$5:$A$19="2")*$D$5:$D$19*$I$5:$I$19)/SUMPRODUCT(($A$5:$A$19="2")*$D$5:$D$19),0) -> 89 | D24: =C24-B24 -> 0 | E24: =IF(B24=0,"รอกำหนด",IF(C24>=B24,"ตามแผน",IF(B24-C24<=15,"ใกล้เป้า","ต่ำกว่าเป้า"))) -> ตามแผน
A25: 3 | B25: =ROUND(SUMPRODUCT(($A$5:$A$19="3")*$D$5:$D$19*$H$5:$H$19)/SUMPRODUCT(($A$5:$A$19="3")*$D$5:$D$19),0) -> 77 | C25: =ROUND(SUMPRODUCT(($A$5:$A$19="3")*$D$5:$D$19*$I$5:$I$19)/SUMPRODUCT(($A$5:$A$19="3")*$D$5:$D$19),0) -> 77 | D25: =C25-B25 -> 0 | E25: =IF(B25=0,"รอกำหนด",IF(C25>=B25,"ตามแผน",IF(B25-C25<=15,"ใกล้เป้า","ต่ำกว่าเป้า"))) -> ตามแผน
A26: 4 | B26: =ROUND(SUMPRODUCT(($A$5:$A$19="4")*$D$5:$D$19*$H$5:$H$19)/SUMPRODUCT(($A$5:$A$19="4")*$D$5:$D$19),0) -> 65 | C26: =ROUND(SUMPRODUCT(($A$5:$A$19="4")*$D$5:$D$19*$I$5:$I$19)/SUMPRODUCT(($A$5:$A$19="4")*$D$5:$D$19),0) -> 65 | D26: =C26-B26 -> 0 | E26: =IF(B26=0,"รอกำหนด",IF(C26>=B26,"ตามแผน",IF(B26-C26<=15,"ใกล้เป้า","ต่ำกว่าเป้า"))) -> ตามแผน
A27: 5 | B27: =ROUND(SUMPRODUCT(($A$5:$A$19="5")*$D$5:$D$19*$H$5:$H$19)/SUMPRODUCT(($A$5:$A$19="5")*$D$5:$D$19),0) -> 34 | C27: =ROUND(SUMPRODUCT(($A$5:$A$19="5")*$D$5:$D$19*$I$5:$I$19)/SUMPRODUCT(($A$5:$A$19="5")*$D$5:$D$19),0) -> 34 | D27: =C27-B27 -> 0 | E27: =IF(B27=0,"รอกำหนด",IF(C27>=B27,"ตามแผน",IF(B27-C27<=15,"ใกล้เป้า","ต่ำกว่าเป้า"))) -> ตามแผน
A28: รวมทั้งแผน | B28: =ROUND(SUMPRODUCT($D$5:$D$19,$H$5:$H$19)/SUM($D$5:$D$19),0) -> 69 | C28: =ROUND(SUMPRODUCT($D$5:$D$19,$I$5:$I$19)/SUM($D$5:$D$19),0) -> 69 | D28: =C28-B28 -> 0
